column,role,leakage_safe
race_id,id,n/a
season,id,n/a
round,id,n/a
race_date,id,n/a
race_name,id,n/a
driver_id,id,yes
circuit_id,id,yes
constructor_id,id,yes
grid,feature,yes
driver_age_years,feature,yes
constructor_lineage,id,yes
era,id,yes
started_from_pit,feature,yes
quali_position,feature,yes
q3_s,feature,yes
best_quali_s,feature,yes
sprint_position,feature,yes
sprint_points,feature,yes
is_sprint_weekend,feature,yes
quali_gap_to_pole_s,feature,yes
teammate_quali_gap_s,feature,yes
beat_teammate_quali,feature,yes
grid_vs_quali,feature,yes
field_size,feature,yes
track_is_street,feature,yes
track_overtaking_difficulty,feature,yes
track_tyre_stress,feature,yes
track_pu_stress,feature,yes
track_safety_car_risk,feature,yes
track_track_type,feature,yes
driver_finish_last,feature,yes
driver_finish_mean_3,feature,yes
driver_finish_std_3,feature,yes
driver_finish_mean_5,feature,yes
driver_finish_std_5,feature,yes
driver_finish_mean_10,feature,yes
driver_finish_std_10,feature,yes
driver_points_last,feature,yes
driver_points_mean_3,feature,yes
driver_points_std_3,feature,yes
driver_points_mean_5,feature,yes
driver_points_std_5,feature,yes
driver_points_mean_10,feature,yes
driver_points_std_10,feature,yes
driver_grid_last,feature,yes
driver_grid_mean_5,feature,yes
driver_grid_std_5,feature,yes
driver_dnf_last,feature,yes
driver_dnf_mean_10,feature,yes
driver_win_rate_last,feature,yes
driver_win_rate_mean_20,feature,yes
driver_podium_last,feature,yes
driver_podium_mean_10,feature,yes
team_finish_last,feature,yes
team_finish_mean_3,feature,yes
team_finish_std_3,feature,yes
team_finish_mean_5,feature,yes
team_finish_std_5,feature,yes
team_finish_mean_10,feature,yes
team_finish_std_10,feature,yes
team_points_last,feature,yes
team_points_mean_3,feature,yes
team_points_std_3,feature,yes
team_points_mean_5,feature,yes
team_points_std_5,feature,yes
team_points_mean_10,feature,yes
team_points_std_10,feature,yes
team_dnf_last,feature,yes
team_dnf_mean_10,feature,yes
driver_circuit_key,feature,yes
team_circuit_key,feature,yes
driver_era_key,feature,yes
team_era_key,feature,yes
driver_circuit_finish_last,feature,yes
driver_circuit_finish_mean_4,feature,yes
driver_circuit_finish_std_4,feature,yes
team_circuit_finish_last,feature,yes
team_circuit_finish_mean_4,feature,yes
team_circuit_finish_std_4,feature,yes
driver_era_finish_last,feature,yes
driver_era_finish_mean_5,feature,yes
driver_era_finish_std_5,feature,yes
team_era_finish_last,feature,yes
team_era_finish_mean_5,feature,yes
team_era_finish_std_5,feature,yes
driver_era_points_last,feature,yes
driver_era_points_mean_5,feature,yes
driver_era_points_std_5,feature,yes
team_era_points_last,feature,yes
team_era_points_mean_5,feature,yes
team_era_points_std_5,feature,yes
new_team,feature,yes
season_points_before,feature,yes
team_season_points_before,feature,yes
grid_over_field,feature,yes
quali_over_field,feature,yes
finish_position,target,n/a
won,target,n/a
podium,target,n/a
points_finish,target,n/a
is_dnf,target,n/a
points,target,n/a
is_classified,target,n/a
