season,round,driver_id,sprint_grid,sprint_position,sprint_points,sprint_status
2021,10,max_verstappen,2,1,3.0,Finished
2021,10,hamilton,1,2,2.0,Finished
2021,10,bottas,3,3,1.0,Finished
2021,10,leclerc,4,4,0.0,Finished
2021,10,norris,6,5,0.0,Finished
2021,10,ricciardo,7,6,0.0,Finished
2021,10,alonso,11,7,0.0,Finished
2021,10,vettel,10,8,0.0,Finished
2021,10,russell,8,9,0.0,Finished
2021,10,ocon,13,10,0.0,Finished
2021,10,sainz,9,11,0.0,Finished
2021,10,gasly,12,12,0.0,Finished
2021,10,raikkonen,17,13,0.0,Finished
2021,10,stroll,15,14,0.0,Finished
2021,10,giovinazzi,14,15,0.0,Finished
2021,10,tsunoda,16,16,0.0,Finished
2021,10,latifi,18,17,0.0,Finished
2021,10,mick_schumacher,19,18,0.0,Finished
2021,10,mazepin,20,19,0.0,Finished
2021,10,perez,5,20,0.0,Vibrations
2021,14,bottas,1,1,3.0,Finished
2021,14,max_verstappen,3,2,2.0,Finished
2021,14,ricciardo,5,3,1.0,Finished
2021,14,norris,4,4,0.0,Finished
2021,14,hamilton,2,5,0.0,Finished
2021,14,leclerc,8,6,0.0,Finished
2021,14,sainz,7,7,0.0,Finished
2021,14,giovinazzi,10,8,0.0,Finished
2021,14,perez,9,9,0.0,Finished
2021,14,stroll,12,10,0.0,Finished
2021,14,alonso,13,11,0.0,Finished
2021,14,vettel,11,12,0.0,Finished
2021,14,ocon,14,13,0.0,Finished
2021,14,latifi,16,14,0.0,Finished
2021,14,russell,15,15,0.0,Finished
2021,14,tsunoda,17,16,0.0,Finished
2021,14,mazepin,20,17,0.0,Finished
2021,14,kubica,19,18,0.0,Finished
2021,14,mick_schumacher,18,19,0.0,Finished
2021,14,gasly,6,20,0.0,Accident
2021,19,bottas,2,1,3.0,Finished
2021,19,max_verstappen,1,2,2.0,Finished
2021,19,sainz,5,3,1.0,Finished
2021,19,perez,3,4,0.0,Finished
2021,19,hamilton,20,5,0.0,Finished
2021,19,norris,7,6,0.0,Finished
2021,19,leclerc,6,7,0.0,Finished
2021,19,gasly,4,8,0.0,Finished
2021,19,ocon,10,9,0.0,Finished
2021,19,vettel,11,10,0.0,Finished
2021,19,ricciardo,8,11,0.0,Finished
2021,19,alonso,9,12,0.0,Finished
2021,19,giovinazzi,14,13,0.0,Finished
2021,19,stroll,15,14,0.0,Finished
2021,19,tsunoda,12,15,0.0,Finished
2021,19,latifi,16,16,0.0,Finished
2021,19,russell,17,17,0.0,Finished
2021,19,raikkonen,13,18,0.0,Finished
2021,19,mick_schumacher,18,19,0.0,Finished
2021,19,mazepin,19,20,0.0,Finished
2022,4,max_verstappen,1,1,8.0,Finished
2022,4,leclerc,2,2,7.0,Finished
2022,4,perez,7,3,6.0,Finished
2022,4,sainz,10,4,5.0,Finished
2022,4,norris,3,5,4.0,Finished
2022,4,ricciardo,6,6,3.0,Finished
2022,4,bottas,8,7,2.0,Finished
2022,4,kevin_magnussen,4,8,1.0,Finished
2022,4,alonso,5,9,0.0,Finished
2022,4,mick_schumacher,12,10,0.0,Finished
2022,4,russell,11,11,0.0,Finished
2022,4,tsunoda,16,12,0.0,Finished
2022,4,vettel,9,13,0.0,Finished
2022,4,hamilton,13,14,0.0,Finished
2022,4,stroll,15,15,0.0,Finished
2022,4,ocon,19,16,0.0,Finished
2022,4,gasly,17,17,0.0,Finished
2022,4,albon,20,18,0.0,Finished
2022,4,latifi,18,19,0.0,Finished
2022,4,zhou,0,20,0.0,Retired
2022,11,max_verstappen,1,1,8.0,Finished
2022,11,leclerc,2,2,7.0,Finished
2022,11,sainz,3,3,6.0,Finished
2022,11,russell,4,4,5.0,Finished
2022,11,perez,13,5,4.0,Finished
2022,11,ocon,5,6,3.0,Finished
2022,11,kevin_magnussen,6,7,2.0,Finished
2022,11,hamilton,9,8,1.0,Finished
2022,11,mick_schumacher,7,9,0.0,Finished
2022,11,bottas,12,10,0.0,Finished
2022,11,norris,15,11,0.0,Finished
2022,11,ricciardo,16,12,0.0,Finished
2022,11,stroll,17,13,0.0,Finished
2022,11,zhou,18,14,0.0,Finished
2022,11,gasly,10,15,0.0,Finished
2022,11,albon,11,16,0.0,Finished
2022,11,tsunoda,14,17,0.0,Finished
2022,11,latifi,19,18,0.0,Finished
2022,11,vettel,20,19,0.0,Collision damage
2022,11,alonso,8,20,0.0,Electrical
2022,21,russell,3,1,8.0,Finished
2022,21,sainz,5,2,7.0,Finished
2022,21,hamilton,8,3,6.0,Finished
2022,21,max_verstappen,2,4,5.0,Finished
2022,21,perez,9,5,4.0,Finished
2022,21,leclerc,10,6,3.0,Finished
2022,21,norris,4,7,2.0,Finished
2022,21,kevin_magnussen,1,8,1.0,Finished
2022,21,vettel,13,9,0.0,Finished
2022,21,gasly,12,10,0.0,Finished
2022,21,ricciardo,14,11,0.0,Finished
2022,21,mick_schumacher,20,12,0.0,Finished
2022,21,zhou,17,13,0.0,Finished
2022,21,bottas,18,14,0.0,Finished
2022,21,tsunoda,19,15,0.0,Finished
2022,21,stroll,15,16,0.0,Finished
2022,21,ocon,6,17,0.0,Finished
2022,21,alonso,7,18,0.0,Finished
2022,21,latifi,16,19,0.0,Finished
2022,21,albon,11,20,0.0,Retired
2023,4,perez,2,1,8.0,Finished
2023,4,leclerc,1,2,7.0,Finished
2023,4,max_verstappen,3,3,6.0,Finished
2023,4,russell,4,4,5.0,Finished
2023,4,sainz,5,5,4.0,Finished
2023,4,alonso,8,6,3.0,Finished
2023,4,hamilton,6,7,2.0,Finished
2023,4,stroll,9,8,1.0,Finished
2023,4,albon,7,9,0.0,Finished
2023,4,piastri,11,10,0.0,Finished
2023,4,kevin_magnussen,13,11,0.0,Finished
2023,4,zhou,14,12,0.0,Finished
2023,4,gasly,17,13,0.0,Finished
2023,4,de_vries,18,14,0.0,Finished
2023,4,hulkenberg,12,15,0.0,Finished
2023,4,bottas,15,16,0.0,Finished
2023,4,norris,10,17,0.0,Finished
2023,4,ocon,0,18,0.0,Finished
2023,4,tsunoda,16,19,0.0,Collision damage
2023,4,sargeant,0,20,0.0,Accident
2023,9,max_verstappen,1,1,8.0,Finished
2023,9,perez,2,2,7.0,Finished
2023,9,sainz,5,3,6.0,Finished
2023,9,stroll,7,4,5.0,Finished
2023,9,alonso,6,5,4.0,Finished
2023,9,hulkenberg,4,6,3.0,Finished
2023,9,ocon,8,7,2.0,Finished
2023,9,russell,15,8,1.0,Finished
2023,9,norris,3,9,0.0,Finished
2023,9,hamilton,18,10,0.0,Finished
2023,9,piastri,17,11,0.0,Finished
2023,9,leclerc,9,12,0.0,Finished
2023,9,albon,11,13,0.0,Finished
2023,9,kevin_magnussen,10,14,0.0,Finished
2023,9,gasly,12,15,0.0,Finished
2023,9,tsunoda,13,16,0.0,Finished
2023,9,de_vries,14,17,0.0,Finished
2023,9,sargeant,20,18,0.0,Finished
2023,9,zhou,16,19,0.0,Finished
2023,9,bottas,19,20,0.0,Finished
2023,12,max_verstappen,1,1,8.0,Finished
2023,12,piastri,2,2,7.0,Finished
2023,12,gasly,6,3,6.0,Finished
2023,12,sainz,3,4,5.0,Finished
2023,12,leclerc,4,5,4.0,Finished
2023,12,norris,5,6,3.0,Finished
2023,12,hamilton,7,7,2.0,Finished
2023,12,russell,10,8,1.0,Finished
2023,12,ocon,9,9,0.0,Finished
2023,12,ricciardo,11,10,0.0,Finished
2023,12,stroll,14,11,0.0,Finished
2023,12,albon,12,12,0.0,Finished
2023,12,bottas,17,13,0.0,Finished
2023,12,kevin_magnussen,18,14,0.0,Finished
2023,12,zhou,19,15,0.0,Finished
2023,12,sargeant,13,16,0.0,Finished
2023,12,hulkenberg,20,17,0.0,Finished
2023,12,tsunoda,16,18,0.0,Finished
2023,12,perez,8,19,0.0,Collision damage
2023,12,alonso,15,20,0.0,Accident
2023,17,piastri,1,1,8.0,Finished
2023,17,max_verstappen,3,2,7.0,Finished
2023,17,norris,2,3,6.0,Finished
2023,17,russell,4,4,5.0,Finished
2023,17,hamilton,12,5,4.0,Finished
2023,17,sainz,5,6,3.0,Finished
2023,17,albon,17,7,2.0,Finished
2023,17,alonso,9,8,1.0,Finished
2023,17,gasly,11,9,0.0,Finished
2023,17,bottas,13,10,0.0,Finished
2023,17,tsunoda,18,11,0.0,Finished
2023,17,leclerc,6,12,0.0,Finished
2023,17,stroll,16,13,0.0,Finished
2023,17,kevin_magnussen,19,14,0.0,Finished
2023,17,zhou,15,15,0.0,Finished
2023,17,hulkenberg,7,16,0.0,Retired
2023,17,ocon,10,17,0.0,Retired
2023,17,perez,8,18,0.0,Retired
2023,17,sargeant,20,19,0.0,Retired
2023,17,lawson,14,20,0.0,Retired
2023,18,max_verstappen,1,1,8.0,Finished
2023,18,hamilton,3,2,7.0,Finished
2023,18,leclerc,2,3,6.0,Finished
2023,18,norris,4,4,5.0,Finished
2023,18,perez,7,5,4.0,Finished
2023,18,sainz,6,6,3.0,Finished
2023,18,gasly,9,7,2.0,Finished
2023,18,russell,11,8,1.0,Finished
2023,18,albon,8,9,0.0,Finished
2023,18,piastri,5,10,0.0,Finished
2023,18,ocon,13,11,0.0,Finished
2023,18,ricciardo,10,12,0.0,Finished
2023,18,alonso,12,13,0.0,Finished
2023,18,tsunoda,19,14,0.0,Finished
2023,18,hulkenberg,16,15,0.0,Finished
2023,18,bottas,18,16,0.0,Finished
2023,18,zhou,15,17,0.0,Finished
2023,18,kevin_magnussen,17,18,0.0,Finished
2023,18,sargeant,20,19,0.0,Finished
2023,18,stroll,14,20,0.0,Brakes
2023,20,max_verstappen,2,1,8.0,Finished
2023,20,norris,1,2,7.0,Finished
2023,20,perez,3,3,6.0,Finished
2023,20,russell,4,4,5.0,Finished
2023,20,leclerc,7,5,4.0,Finished
2023,20,tsunoda,6,6,3.0,Finished
2023,20,hamilton,5,7,2.0,Finished
2023,20,sainz,9,8,1.0,Finished
2023,20,ricciardo,8,9,0.0,Finished
2023,20,piastri,10,10,0.0,Finished
2023,20,alonso,15,11,0.0,Finished
2023,20,stroll,17,12,0.0,Finished
2023,20,gasly,13,13,0.0,Finished
2023,20,ocon,16,14,0.0,Finished
2023,20,albon,19,15,0.0,Finished
2023,20,kevin_magnussen,11,16,0.0,Finished
2023,20,zhou,18,17,0.0,Finished
2023,20,hulkenberg,12,18,0.0,Finished
2023,20,bottas,14,19,0.0,Finished
2023,20,sargeant,20,20,0.0,Finished
2024,5,max_verstappen,4,1,8.0,Finished
2024,5,hamilton,2,2,7.0,Finished
2024,5,perez,6,3,6.0,Finished
2024,5,leclerc,7,4,5.0,Finished
2024,5,sainz,5,5,4.0,Finished
2024,5,norris,1,6,3.0,Finished
2024,5,piastri,8,7,2.0,Finished
2024,5,russell,11,8,1.0,Finished
2024,5,zhou,10,9,0.0,Finished
2024,5,kevin_magnussen,12,10,0.0,Finished
2024,5,ricciardo,14,11,0.0,Finished
2024,5,bottas,9,12,0.0,Finished
2024,5,ocon,17,13,0.0,Finished
2024,5,stroll,15,14,0.0,Finished
2024,5,gasly,16,15,0.0,Finished
2024,5,tsunoda,19,16,0.0,Finished
2024,5,albon,18,17,0.0,Finished
2024,5,sargeant,20,18,0.0,Finished
2024,5,hulkenberg,13,19,0.0,Finished
2024,5,alonso,3,20,0.0,Retired
2024,6,max_verstappen,1,1,8.0,Finished
2024,6,leclerc,2,2,7.0,Finished
2024,6,perez,3,3,6.0,Finished
2024,6,ricciardo,4,4,5.0,Finished
2024,6,sainz,5,5,4.0,Finished
2024,6,piastri,6,6,3.0,Finished
2024,6,hulkenberg,10,7,2.0,Finished
2024,6,tsunoda,15,8,1.0,Finished
2024,6,gasly,16,9,0.0,Finished
2024,6,sargeant,18,10,0.0,Finished
2024,6,zhou,17,11,0.0,Finished
2024,6,russell,11,12,0.0,Finished
2024,6,albon,20,13,0.0,Finished
2024,6,bottas,19,14,0.0,Finished
2024,6,ocon,13,15,0.0,Finished
2024,6,hamilton,12,16,0.0,Finished
2024,6,alonso,8,17,0.0,Finished
2024,6,kevin_magnussen,14,18,0.0,Finished
2024,6,stroll,7,19,0.0,Retired
2024,6,norris,9,20,0.0,Retired
2024,11,max_verstappen,1,1,8.0,Finished
2024,11,piastri,3,2,7.0,Finished
2024,11,norris,2,3,6.0,Finished
2024,11,russell,4,4,5.0,Finished
2024,11,sainz,5,5,4.0,Finished
2024,11,hamilton,6,6,3.0,Finished
2024,11,leclerc,10,7,2.0,Finished
2024,11,perez,7,8,1.0,Finished
2024,11,kevin_magnussen,11,9,0.0,Finished
2024,11,stroll,12,10,0.0,Finished
2024,11,ocon,8,11,0.0,Finished
2024,11,gasly,9,12,0.0,Finished
2024,11,tsunoda,14,13,0.0,Finished
2024,11,ricciardo,16,14,0.0,Finished
2024,11,alonso,13,15,0.0,Finished
2024,11,sargeant,15,16,0.0,Finished
2024,11,albon,20,17,0.0,Finished
2024,11,bottas,18,18,0.0,Finished
2024,11,hulkenberg,17,19,0.0,Finished
2024,11,zhou,19,20,0.0,Finished
2024,19,max_verstappen,1,1,8.0,Finished
2024,19,sainz,5,2,7.0,Finished
2024,19,norris,4,3,6.0,Finished
2024,19,leclerc,3,4,5.0,Finished
2024,19,russell,2,5,4.0,Finished
2024,19,hamilton,7,6,3.0,Finished
2024,19,kevin_magnussen,8,7,2.0,Finished
2024,19,hulkenberg,6,8,1.0,Finished
2024,19,perez,11,9,0.0,Finished
2024,19,piastri,16,10,0.0,Finished
2024,19,tsunoda,9,11,0.0,Finished
2024,19,colapinto,10,12,0.0,Finished
2024,19,stroll,13,13,0.0,Finished
2024,19,gasly,12,14,0.0,Finished
2024,19,ocon,17,15,0.0,Finished
2024,19,lawson,15,16,0.0,Finished
2024,19,albon,20,17,0.0,Finished
2024,19,alonso,14,18,0.0,Finished
2024,19,zhou,19,19,0.0,Finished
2024,19,bottas,18,20,0.0,Finished
2024,21,norris,2,1,8.0,Finished
2024,21,piastri,1,2,7.0,Finished
2024,21,leclerc,3,3,6.0,Finished
2024,21,max_verstappen,4,4,5.0,Finished
2024,21,sainz,5,5,4.0,Finished
2024,21,russell,6,6,3.0,Finished
2024,21,gasly,7,7,2.0,Finished
2024,21,perez,13,8,1.0,Finished
2024,21,lawson,8,9,0.0,Finished
2024,21,albon,9,10,0.0,Finished
2024,21,hamilton,11,11,0.0,Finished
2024,21,colapinto,14,12,0.0,Finished
2024,21,ocon,16,13,0.0,Finished
2024,21,bearman,10,14,0.0,Finished
2024,21,tsunoda,17,15,0.0,Finished
2024,21,bottas,15,16,0.0,Finished
2024,21,zhou,20,17,0.0,Finished
2024,21,alonso,18,18,0.0,Finished
2024,21,stroll,19,19,0.0,Finished
2024,21,hulkenberg,12,20,0.0,Retired
2024,23,piastri,3,1,8.0,Finished
2024,23,norris,1,2,7.0,Finished
2024,23,russell,2,3,6.0,Finished
2024,23,sainz,4,4,5.0,Finished
2024,23,leclerc,5,5,4.0,Finished
2024,23,hamilton,7,6,3.0,Finished
2024,23,hulkenberg,9,7,2.0,Finished
2024,23,max_verstappen,6,8,1.0,Finished
2024,23,gasly,8,9,0.0,Finished
2024,23,kevin_magnussen,15,10,0.0,Finished
2024,23,alonso,11,11,0.0,Finished
2024,23,bottas,13,12,0.0,Finished
2024,23,stroll,14,13,0.0,Finished
2024,23,ocon,17,14,0.0,Finished
2024,23,albon,12,15,0.0,Finished
2024,23,lawson,10,16,0.0,Finished
2024,23,tsunoda,16,17,0.0,Finished
2024,23,colapinto,20,18,0.0,Finished
2024,23,zhou,18,19,0.0,Finished
2024,23,perez,19,20,0.0,Finished
2025,2,hamilton,1,1,8.0,Finished
2025,2,piastri,3,2,7.0,Finished
2025,2,max_verstappen,2,3,6.0,Finished
2025,2,russell,5,4,5.0,Finished
2025,2,leclerc,4,5,4.0,Finished
2025,2,tsunoda,8,6,3.0,Finished
2025,2,antonelli,7,7,2.0,Finished
2025,2,norris,6,8,1.0,Finished
2025,2,stroll,10,9,0.0,Finished
2025,2,alonso,11,10,0.0,Finished
2025,2,albon,9,11,0.0,Finished
2025,2,gasly,17,12,0.0,Finished
2025,2,hadjar,15,13,0.0,Finished
2025,2,lawson,19,14,0.0,Finished
2025,2,bearman,12,15,0.0,Finished
2025,2,ocon,18,16,0.0,Finished
2025,2,sainz,13,17,0.0,Finished
2025,2,bortoleto,14,18,0.0,Finished
2025,2,hulkenberg,20,19,0.0,Finished
2025,2,doohan,16,20,0.0,Finished
2025,6,norris,3,1,8.0,Finished
2025,6,piastri,2,2,7.0,Finished
2025,6,hamilton,7,3,6.0,Finished
2025,6,russell,5,4,5.0,Finished
2025,6,stroll,16,5,4.0,Finished
2025,6,tsunoda,20,6,3.0,Finished
2025,6,antonelli,1,7,2.0,Finished
2025,6,gasly,13,8,1.0,Finished
2025,6,hulkenberg,11,9,0.0,Finished
2025,6,hadjar,9,10,0.0,Finished
2025,6,albon,8,11,0.0,Finished
2025,6,ocon,12,12,0.0,Finished
2025,6,lawson,14,13,0.0,Finished
2025,6,bearman,19,14,0.0,Finished
2025,6,bortoleto,18,15,0.0,Finished
2025,6,doohan,17,16,0.0,Finished
2025,6,max_verstappen,4,17,0.0,Finished
2025,6,alonso,10,18,0.0,Retired
2025,6,sainz,15,19,0.0,Retired
2025,6,leclerc,6,20,0.0,Retired
2025,13,max_verstappen,2,1,8.0,Finished
2025,13,piastri,1,2,7.0,Finished
2025,13,norris,3,3,6.0,Finished
2025,13,leclerc,4,4,5.0,Finished
2025,13,ocon,5,5,4.0,Finished
2025,13,sainz,6,6,3.0,Finished
2025,13,bearman,7,7,2.0,Finished
2025,13,hadjar,9,8,1.0,Finished
2025,13,bortoleto,10,9,0.0,Finished
2025,13,lawson,11,10,0.0,Finished
2025,13,tsunoda,12,11,0.0,Finished
2025,13,russell,13,12,0.0,Finished
2025,13,stroll,15,13,0.0,Finished
2025,13,alonso,14,14,0.0,Finished
2025,13,hamilton,18,15,0.0,Finished
2025,13,albon,16,16,0.0,Finished
2025,13,antonelli,19,17,0.0,Finished
2025,13,hulkenberg,17,18,0.0,Finished
2025,13,colapinto,20,19,0.0,Finished
2025,13,gasly,8,20,0.0,Retired
2025,19,max_verstappen,1,1,8.0,Finished
2025,19,russell,5,2,7.0,Finished
2025,19,sainz,7,3,6.0,Finished
2025,19,hamilton,8,4,5.0,Finished
2025,19,leclerc,10,5,4.0,Finished
2025,19,albon,9,6,3.0,Finished
2025,19,tsunoda,18,7,2.0,Finished
2025,19,antonelli,11,8,1.0,Finished
2025,19,lawson,15,9,0.0,Finished
2025,19,gasly,13,10,0.0,Finished
2025,19,bortoleto,20,11,0.0,Finished
2025,19,hadjar,12,12,0.0,Finished
2025,19,hulkenberg,4,13,0.0,Finished
2025,19,colapinto,17,14,0.0,Finished
2025,19,bearman,16,15,0.0,Finished
2025,19,ocon,19,16,0.0,Retired
2025,19,stroll,14,17,0.0,Retired
2025,19,norris,2,18,0.0,Retired
2025,19,piastri,3,19,0.0,Retired
2025,19,alonso,6,20,0.0,Retired
2025,21,norris,1,1,8.0,Finished
2025,21,antonelli,2,2,7.0,Finished
2025,21,russell,4,3,6.0,Finished
2025,21,max_verstappen,6,4,5.0,Finished
2025,21,leclerc,8,5,4.0,Finished
2025,21,alonso,5,6,3.0,Finished
2025,21,hamilton,11,7,2.0,Finished
2025,21,gasly,13,8,1.0,Finished
2025,21,stroll,7,9,0.0,Finished
2025,21,hadjar,9,10,0.0,Finished
2025,21,ocon,18,11,0.0,Finished
2025,21,bearman,15,12,0.0,Finished
2025,21,tsunoda,19,13,0.0,Finished
2025,21,sainz,20,14,0.0,Finished
2025,21,hulkenberg,10,15,0.0,Finished
2025,21,lawson,17,16,0.0,Finished
2025,21,albon,12,17,0.0,Finished
2025,21,bortoleto,14,18,0.0,Retired
2025,21,piastri,3,19,0.0,Retired
2025,21,colapinto,16,20,0.0,Retired
2025,23,piastri,1,1,8.0,Finished
2025,23,russell,2,2,7.0,Finished
2025,23,norris,3,3,6.0,Finished
2025,23,max_verstappen,6,4,5.0,Finished
2025,23,tsunoda,5,5,4.0,Finished
2025,23,antonelli,7,6,3.0,Finished
2025,23,alonso,4,7,2.0,Finished
2025,23,sainz,8,8,1.0,Finished
2025,23,hadjar,11,9,0.0,Finished
2025,23,albon,10,10,0.0,Finished
2025,23,bortoleto,13,11,0.0,Finished
2025,23,bearman,12,12,0.0,Finished
2025,23,leclerc,9,13,0.0,Finished
2025,23,lawson,16,14,0.0,Finished
2025,23,ocon,15,15,0.0,Finished
2025,23,hulkenberg,14,16,0.0,Finished
2025,23,hamilton,18,17,0.0,Finished
2025,23,gasly,19,18,0.0,Finished
2025,23,stroll,17,19,0.0,Finished
2025,23,colapinto,20,20,0.0,Finished
2026,2,russell,1,1,8.0,Finished
2026,2,leclerc,6,2,7.0,Finished
2026,2,hamilton,4,3,6.0,Finished
2026,2,norris,3,4,5.0,Finished
2026,2,antonelli,2,5,4.0,Finished
2026,2,piastri,5,6,3.0,Finished
2026,2,lawson,13,7,2.0,Finished
2026,2,bearman,9,8,1.0,Finished
2026,2,max_verstappen,8,9,0.0,Finished
2026,2,ocon,12,10,0.0,Finished
2026,2,gasly,7,11,0.0,Finished
2026,2,sainz,17,12,0.0,Finished
2026,2,bortoleto,14,13,0.0,Finished
2026,2,colapinto,16,14,0.0,Finished
2026,2,hadjar,10,15,0.0,Finished
2026,2,albon,22,16,0.0,Finished
2026,2,alonso,18,17,0.0,Finished
2026,2,stroll,19,18,0.0,Finished
2026,2,perez,21,19,0.0,Finished
2026,2,hulkenberg,11,20,0.0,Retired
2026,2,bottas,20,21,0.0,Retired
2026,2,arvid_lindblad,15,22,0.0,Retired
2026,4,norris,1,1,8.0,Finished
2026,4,piastri,3,2,7.0,Finished
2026,4,leclerc,4,3,6.0,Finished
2026,4,russell,6,4,5.0,Finished
2026,4,max_verstappen,5,5,4.0,Finished
2026,4,antonelli,2,6,3.0,Finished
2026,4,hamilton,7,7,2.0,Finished
2026,4,gasly,10,8,1.0,Finished
2026,4,hadjar,9,9,0.0,Finished
2026,4,colapinto,8,10,0.0,Finished
2026,4,ocon,16,11,0.0,Finished
2026,4,bearman,13,12,0.0,Finished
2026,4,sainz,14,13,0.0,Finished
2026,4,lawson,15,14,0.0,Finished
2026,4,alonso,20,15,0.0,Finished
2026,4,perez,17,16,0.0,Finished
2026,4,stroll,21,17,0.0,Finished
2026,4,albon,18,18,0.0,Finished
2026,4,bottas,19,19,0.0,Finished
2026,4,hulkenberg,12,20,0.0,Did not start
2026,4,arvid_lindblad,22,21,0.0,Did not start
2026,4,bortoleto,11,22,0.0,Disqualified
2026,5,russell,1,1,8.0,Finished
2026,5,norris,3,2,7.0,Finished
2026,5,antonelli,2,3,6.0,Finished
2026,5,piastri,4,4,5.0,Finished
2026,5,leclerc,6,5,4.0,Finished
2026,5,hamilton,5,6,3.0,Finished
2026,5,max_verstappen,7,7,2.0,Finished
2026,5,arvid_lindblad,9,8,1.0,Finished
2026,5,colapinto,13,9,0.0,Finished
2026,5,sainz,10,10,0.0,Finished
2026,5,lawson,18,11,0.0,Finished
2026,5,bortoleto,12,12,0.0,Finished
2026,5,ocon,14,13,0.0,Finished
2026,5,perez,16,14,0.0,Finished
2026,5,hulkenberg,11,15,0.0,Finished
2026,5,stroll,17,16,0.0,Lapped
2026,5,bottas,21,17,0.0,Lapped
2026,5,bearman,19,18,0.0,Lapped
2026,5,albon,22,19,0.0,Lapped
2026,5,gasly,20,20,0.0,Lapped
2026,5,hadjar,8,21,0.0,Lapped
2026,5,alonso,15,22,0.0,Retired
2026,9,antonelli,2,1,8.0,Finished
2026,9,hamilton,1,2,7.0,Finished
2026,9,norris,6,3,6.0,Finished
2026,9,russell,5,4,5.0,Finished
2026,9,leclerc,4,5,4.0,Finished
2026,9,max_verstappen,3,6,3.0,Finished
2026,9,piastri,7,7,2.0,Finished
2026,9,lawson,9,8,1.0,Finished
2026,9,hadjar,8,9,0.0,Finished
2026,9,arvid_lindblad,10,10,0.0,Finished
2026,9,gasly,11,11,0.0,Finished
2026,9,colapinto,14,12,0.0,Finished
2026,9,bortoleto,12,13,0.0,Finished
2026,9,bearman,16,14,0.0,Finished
2026,9,hulkenberg,13,15,0.0,Finished
2026,9,ocon,17,16,0.0,Finished
2026,9,sainz,15,17,0.0,Finished
2026,9,albon,22,18,0.0,Finished
2026,9,bottas,19,19,0.0,Finished
2026,9,alonso,20,20,0.0,Finished
2026,9,stroll,21,21,0.0,Lapped
2026,9,perez,18,22,0.0,Lapped
2026,12,russell,1,1,8.0,Finished
2026,12,leclerc,3,2,7.0,Finished
2026,12,norris,2,3,6.0,Finished
2026,12,antonelli,5,4,5.0,Finished
2026,12,piastri,4,5,4.0,Finished
2026,12,max_verstappen,6,6,3.0,Finished
2026,12,hamilton,7,7,2.0,Finished
2026,12,gasly,8,8,1.0,Finished
2026,12,bortoleto,9,9,0.0,Finished
2026,12,arvid_lindblad,10,10,0.0,Finished
2026,12,lawson,11,11,0.0,Finished
2026,12,colapinto,13,12,0.0,Finished
2026,12,tsunoda,12,13,0.0,Finished
2026,12,ocon,15,14,0.0,Finished
2026,12,bearman,17,15,0.0,Finished
2026,12,albon,16,16,0.0,Finished
2026,12,stroll,18,17,0.0,Finished
2026,12,alonso,22,18,0.0,Finished
2026,12,bottas,19,19,0.0,Lapped
2026,12,sainz,21,20,0.0,Lapped
2026,12,perez,20,21,0.0,Lapped
2026,12,hulkenberg,14,22,0.0,Lapped
